use laboratorio;




-- informes 

INSERT INTO informe (idinforme, fecha_informe, descripcion, cantidad_alquiler)
VALUES
(1, '2024-01-15', 'Informe de ventas del primer trimestre', 50),
(2, '2024-02-01', 'Informe mensual de ventas de enero', 60),
(3, '2024-03-10', 'Informe de ventas del mes de febrero', 70),
(4, '2024-04-05', 'Informe de ventas del mes de marzo', 55),
(5, '2024-05-20', 'Informe de ventas de abril', 80),
(6, '2024-06-15', 'Informe de ventas del primer semestre', 90),
(7, '2024-07-01', 'Informe de ventas de junio', 65),
(8, '2024-08-10', 'Informe de ventas de julio', 75),
(9, '2024-09-05', 'Informe de ventas de agosto', 100),
(10, '2024-10-01', 'Informe de ventas de septiembre', 120),
(11, '2024-11-01', 'Informe mensual de octubre', 110),
(12, '2024-12-15', 'Informe de ventas del año', 150),
(13, '2025-01-01', 'Informe de ventas de diciembre', 140),
(14, '2025-02-10', 'Informe de ventas del primer mes del año', 90),
(15, '2025-03-01', 'Informe de ventas del mes de febrero', 95),
(16, '2025-04-15', 'Informe mensual de ventas de marzo', 80),
(17, '2025-05-01', 'Informe de ventas de abril', 70),
(18, '2025-06-01', 'Informe de ventas del primer trimestre de 2025', 85),
(19, '2025-07-10', 'Informe de ventas del mes de junio', 90),
(20, '2025-08-05', 'Informe de ventas de julio', 60),
(21, '2025-09-01', 'Informe de ventas de agosto', 115),
(22, '2025-10-05', 'Informe de ventas de septiembre', 125),
(23, '2025-11-01', 'Informe de ventas del mes de octubre', 130),
(24, '2025-12-15', 'Informe anual de ventas', 160),
(25, '2026-01-01', 'Informe de ventas de diciembre', 140),
(26, '2026-02-01', 'Informe de ventas de enero', 50),
(27, '2026-03-10', 'Informe de ventas de febrero', 75),
(28, '2026-04-05', 'Informe de ventas de marzo', 60),
(29, '2026-05-20', 'Informe de ventas de abril', 80),
(30, '2026-06-15', 'Informe de ventas del primer semestre', 85),
(31, '2026-07-01', 'Informe de ventas de junio', 95),
(32, '2026-08-10', 'Informe de ventas de julio', 100),
(33, '2026-09-05', 'Informe de ventas de agosto', 90),
(34, '2026-10-01', 'Informe de ventas de septiembre', 110),
(35, '2026-11-01', 'Informe de ventas de octubre', 120),
(36, '2026-12-15', 'Informe anual de ventas', 130),
(37, '2027-01-01', 'Informe de ventas de diciembre', 135),
(38, '2027-02-10', 'Informe de ventas de enero', 95),
(39, '2027-03-01', 'Informe de ventas de febrero', 80),
(40, '2027-04-15', 'Informe de ventas de marzo', 100),
(41, '2027-05-01', 'Informe de ventas de abril', 90),
(42, '2027-06-01', 'Informe de ventas del primer trimestre de 2027', 70),
(43, '2027-07-10', 'Informe de ventas del mes de junio', 85),
(44, '2027-08-05', 'Informe de ventas de julio', 95),
(45, '2027-09-01', 'Informe de ventas de agosto', 120),
(46, '2027-10-05', 'Informe de ventas de septiembre', 105),
(47, '2027-11-01', 'Informe de ventas de octubre', 110),
(48, '2027-12-15', 'Informe anual de ventas', 140),
(49, '2028-01-01', 'Informe de ventas de diciembre', 130),
(50, '2028-02-01', 'Informe de ventas de enero', 90),
(51, '2028-03-10', 'Informe de ventas de febrero', 75),
(52, '2028-04-05', 'Informe de ventas de marzo', 85),
(53, '2028-05-20', 'Informe de ventas de abril', 80),
(54, '2028-06-15', 'Informe de ventas del primer semestre', 95),
(55, '2028-07-01', 'Informe de ventas de junio', 70),
(56, '2028-08-10', 'Informe de ventas de julio', 90),
(57, '2028-09-05', 'Informe de ventas de agosto', 115),
(58, '2028-10-01', 'Informe de ventas de septiembre', 125),
(59, '2028-11-01', 'Informe de ventas de octubre', 130),
(60, '2028-12-15', 'Informe anual de ventas', 150),
(61, '2029-01-01', 'Informe de ventas de diciembre', 140),
(62, '2029-02-10', 'Informe de ventas de enero', 95),
(63, '2029-03-01', 'Informe de ventas de febrero', 85),
(64, '2029-04-15', 'Informe de ventas de marzo', 90),
(65, '2029-05-01', 'Informe de ventas de abril', 100),
(66, '2029-06-01', 'Informe de ventas del primer trimestre de 2029', 80),
(67, '2029-07-10', 'Informe de ventas de junio', 95),
(68, '2029-08-05', 'Informe de ventas de julio', 100),
(69, '2029-09-01', 'Informe de ventas de agosto', 110),
(70, '2029-10-05', 'Informe de ventas de septiembre', 120),
(71, '2029-11-01', 'Informe de ventas de octubre', 125),
(72, '2029-12-15', 'Informe anual de ventas', 135),
(73, '2030-01-01', 'Informe de ventas de diciembre', 130),
(74, '2030-02-01', 'Informe de ventas de enero', 90),
(75, '2030-03-10', 'Informe de ventas de febrero', 85),
(76, '2030-04-05', 'Informe de ventas de marzo', 95),
(77, '2030-05-20', 'Informe de ventas de abril', 80),
(78, '2030-06-15', 'Informe de ventas del primer semestre', 100),
(79, '2030-07-01', 'Informe de ventas de junio', 90),
(80, '2030-08-10', 'Informe de ventas de julio', 110),
(81, '2030-09-05', 'Informe de ventas de agosto', 120),
(82, '2030-10-01', 'Informe de ventas de septiembre', 130),
(83, '2030-11-01', 'Informe de ventas de octubre', 140),
(84, '2030-12-15', 'Informe anual de ventas', 150),
(85, '2031-01-01', 'Informe de ventas de diciembre', 145),
(86, '2031-02-10', 'Informe de ventas de enero', 95),
(87, '2031-03-01', 'Informe de ventas de febrero', 90),
(88, '2031-04-15', 'Informe de ventas de marzo', 105),
(89, '2031-05-01', 'Informe de ventas de abril', 120),
(90, '2031-06-01', 'Informe de ventas del primer trimestre de 2031', 110),
(91, '2031-07-10', 'Informe de ventas de junio', 100),
(92, '2031-08-05', 'Informe de ventas de julio', 95),
(93, '2031-09-01', 'Informe de ventas de agosto', 115),
(94, '2031-10-05', 'Informe de ventas de septiembre', 125),
(95, '2031-11-01', 'Informe de ventas de octubre', 135),
(96, '2031-12-15', 'Informe anual de ventas', 140),
(97, '2032-01-01', 'Informe de ventas de diciembre', 145),
(98, '2032-02-01', 'Informe de ventas de enero', 105),
(99, '2032-03-10', 'Informe de ventas de febrero', 95),
(100, '2032-04-05', 'Informe de ventas de marzo', 100);
-- sucursales

INSERT INTO sucursal (idsucursal, ciudad, direccion, telefono_fijo, celular, email, id_informe)
VALUES
(1, 'Ciudad A', 'Av. Principal 1', '6001001', '6002001', 'sucursal1@email.com', 1),
(2, 'Ciudad B', 'Av. Secundaria 2', '6001002', '6002002', 'sucursal2@email.com', 2),
(3, 'Ciudad C', 'Calle 3', '6001003', '6002003', 'sucursal3@email.com', 3),
(4, 'Ciudad D', 'Calle 4', '6001004', '6002004', 'sucursal4@email.com', 4),
(5, 'Ciudad E', 'Av. Central 5', '6001005', '6002005', 'sucursal5@email.com', 5),
(6, 'Ciudad F', 'Calle 6', '6001006', '6002006', 'sucursal6@email.com', 6),
(7, 'Ciudad G', 'Av. Periférica 7', '6001007', '6002007', 'sucursal7@email.com', 7),
(8, 'Ciudad H', 'Calle 8', '6001008', '6002008', 'sucursal8@email.com', 8),
(9, 'Ciudad I', 'Av. Norte 9', '6001009', '6002009', 'sucursal9@email.com', 9),
(10, 'Ciudad J', 'Av. Sur 10', '6001010', '6002010', 'sucursal10@email.com', 10),
(11, 'Ciudad K', 'Calle 11', '6001011', '6002011', 'sucursal11@email.com', 1),
(12, 'Ciudad L', 'Av. Central 12', '6001012', '6002012', 'sucursal12@email.com', 2),
(13, 'Ciudad M', 'Calle 13', '6001013', '6002013', 'sucursal13@email.com', 3),
(14, 'Ciudad N', 'Calle 14', '6001014', '6002014', 'sucursal14@email.com', 4),
(15, 'Ciudad O', 'Av. Norte 15', '6001015', '6002015', 'sucursal15@email.com', 5),
(16, 'Ciudad P', 'Av. Sur 16', '6001016', '6002016', 'sucursal16@email.com', 6),
(17, 'Ciudad Q', 'Calle 17', '6001017', '6002017', 'sucursal17@email.com', 7),
(18, 'Ciudad R', 'Av. Principal 18', '6001018', '6002018', 'sucursal18@email.com', 8),
(19, 'Ciudad S', 'Calle 19', '6001019', '6002019', 'sucursal19@email.com', 9),
(20, 'Ciudad T', 'Calle 20', '6001020', '6002020', 'sucursal20@email.com', 10),
(21, 'Ciudad U', 'Av. Central 21', '6001021', '6002021', 'sucursal21@email.com', 1),
(22, 'Ciudad V', 'Av. Sur 22', '6001022', '6002022', 'sucursal22@email.com', 2),
(23, 'Ciudad W', 'Calle 23', '6001023', '6002023', 'sucursal23@email.com', 3),
(24, 'Ciudad X', 'Calle 24', '6001024', '6002024', 'sucursal24@email.com', 4),
(25, 'Ciudad Y', 'Av. Norte 25', '6001025', '6002025', 'sucursal25@email.com', 5),
(26, 'Ciudad Z', 'Calle 26', '6001026', '6002026', 'sucursal26@email.com', 6),
(27, 'Ciudad AA', 'Av. Principal 27', '6001027', '6002027', 'sucursal27@email.com', 7),
(28, 'Ciudad AB', 'Av. Secundaria 28', '6001028', '6002028', 'sucursal28@email.com', 8),
(29, 'Ciudad AC', 'Calle 29', '6001029', '6002029', 'sucursal29@email.com', 9),
(30, 'Ciudad AD', 'Calle 30', '6001030', '6002030', 'sucursal30@email.com', 10),
(31, 'Ciudad AE', 'Av. Norte 31', '6001031', '6002031', 'sucursal31@email.com', 1),
(32, 'Ciudad AF', 'Av. Sur 32', '6001032', '6002032', 'sucursal32@email.com', 2),
(33, 'Ciudad AG', 'Calle 33', '6001033', '6002033', 'sucursal33@email.com', 3),
(34, 'Ciudad AH', 'Av. Central 34', '6001034', '6002034', 'sucursal34@email.com', 4),
(35, 'Ciudad AI', 'Calle 35', '6001035', '6002035', 'sucursal35@email.com', 5),
(36, 'Ciudad AJ', 'Av. Periférica 36', '6001036', '6002036', 'sucursal36@email.com', 6),
(37, 'Ciudad AK', 'Calle 37', '6001037', '6002037', 'sucursal37@email.com', 7),
(38, 'Ciudad AL', 'Av. Principal 38', '6001038', '6002038', 'sucursal38@email.com', 8),
(39, 'Ciudad AM', 'Calle 39', '6001039', '6002039', 'sucursal39@email.com', 9),
(40, 'Ciudad AN', 'Calle 40', '6001040', '6002040', 'sucursal40@email.com', 10),
(41, 'Ciudad AO', 'Av. Central 41', '6001041', '6002041', 'sucursal41@email.com', 1),
(42, 'Ciudad AP', 'Calle 42', '6001042', '6002042', 'sucursal42@email.com', 2),
(43, 'Ciudad AQ', 'Av. Secundaria 43', '6001043', '6002043', 'sucursal43@email.com', 3),
(44, 'Ciudad AR', 'Calle 44', '6001044', '6002044', 'sucursal44@email.com', 4),
(45, 'Ciudad AS', 'Av. Norte 45', '6001045', '6002045', 'sucursal45@email.com', 5),
(46, 'Ciudad AT', 'Calle 46', '6001046', '6002046', 'sucursal46@email.com', 6),
(47, 'Ciudad AU', 'Av. Periférica 47', '6001047', '6002047', 'sucursal47@email.com', 7),
(48, 'Ciudad AV', 'Calle 48', '6001048', '6002048', 'sucursal48@email.com', 8),
(49, 'Ciudad AW', 'Av. Principal 49', '6001049', '6002049', 'sucursal49@email.com', 9),
(50, 'Ciudad AX', 'Calle 50', '6001050', '6002050', 'sucursal50@email.com', 10),
(51, 'Ciudad AY', 'Av. Secundaria 51', '6001051', '6002051', 'sucursal51@email.com', 1),
(52, 'Ciudad AZ', 'Calle 52', '6001052', '6002052', 'sucursal52@email.com', 2),
(53, 'Ciudad BA', 'Av. Norte 53', '6001053', '6002053', 'sucursal53@email.com', 3),
(54, 'Ciudad BB', 'Calle 54', '6001054', '6002054', 'sucursal54@email.com', 4),
(55, 'Ciudad BC', 'Av. Central 55', '6001055', '6002055', 'sucursal55@email.com', 5),
(56, 'Ciudad BD', 'Calle 56', '6001056', '6002056', 'sucursal56@email.com', 6),
(57, 'Ciudad BE', 'Av. Periférica 57', '6001057', '6002057', 'sucursal57@email.com', 7),
(58, 'Ciudad BF', 'Calle 58', '6001058', '6002058', 'sucursal58@email.com', 8),
(59, 'Ciudad BG', 'Av. Principal 59', '6001059', '6002059', 'sucursal59@email.com', 9),
(60, 'Ciudad BH', 'Calle 60', '6001060', '6002060', 'sucursal60@email.com', 10),
(61, 'Ciudad BI', 'Av. Secundaria 61', '6001061', '6002061', 'sucursal61@email.com', 1),
(62, 'Ciudad BJ', 'Calle 62', '6001062', '6002062', 'sucursal62@email.com', 2),
(63, 'Ciudad BK', 'Av. Norte 63', '6001063', '6002063', 'sucursal63@email.com', 3),
(64, 'Ciudad BL', 'Calle 64', '6001064', '6002064', 'sucursal64@email.com', 4),
(65, 'Ciudad BM', 'Av. Central 65', '6001065', '6002065', 'sucursal65@email.com', 5),
(66, 'Ciudad BN', 'Calle 66', '6001066', '6002066', 'sucursal66@email.com', 6),
(67, 'Ciudad BO', 'Av. Periférica 67', '6001067', '6002067', 'sucursal67@email.com', 7),
(68, 'Ciudad BP', 'Calle 68', '6001068', '6002068', 'sucursal68@email.com', 8),
(69, 'Ciudad BQ', 'Av. Principal 69', '6001069', '6002069', 'sucursal69@email.com', 9),
(70, 'Ciudad BR', 'Calle 70', '6001070', '6002070', 'sucursal70@email.com', 10),
(71, 'Ciudad BS', 'Av. Secundaria 71', '6001071', '6002071', 'sucursal71@email.com', 1),
(72, 'Ciudad BT', 'Calle 72', '6001072', '6002072', 'sucursal72@email.com', 2),
(73, 'Ciudad BU', 'Av. Norte 73', '6001073', '6002073', 'sucursal73@email.com', 3),
(74, 'Ciudad BV', 'Calle 74', '6001074', '6002074', 'sucursal74@email.com', 4),
(75, 'Ciudad BW', 'Av. Central 75', '6001075', '6002075', 'sucursal75@email.com', 5),
(76, 'Ciudad BX', 'Calle 76', '6001076', '6002076', 'sucursal76@email.com', 6),
(77, 'Ciudad BY', 'Av. Periférica 77', '6001077', '6002077', 'sucursal77@email.com', 7),
(78, 'Ciudad BZ', 'Calle 78', '6001078', '6002078', 'sucursal78@email.com', 8),
(79, 'Ciudad CA', 'Av. Principal 79', '6001079', '6002079', 'sucursal79@email.com', 9),
(80, 'Ciudad CB', 'Calle 80', '6001080', '6002080', 'sucursal80@email.com', 10),
(81, 'Ciudad CC', 'Av. Secundaria 81', '6001081', '6002081', 'sucursal81@email.com', 1),
(82, 'Ciudad CD', 'Calle 82', '6001082', '6002082', 'sucursal82@email.com', 2),
(83, 'Ciudad CE', 'Av. Norte 83', '6001083', '6002083', 'sucursal83@email.com', 3),
(84, 'Ciudad CF', 'Calle 84', '6001084', '6002084', 'sucursal84@email.com', 4),
(85, 'Ciudad CG', 'Av. Central 85', '6001085', '6002085', 'sucursal85@email.com', 5),
(86, 'Ciudad CH', 'Calle 86', '6001086', '6002086', 'sucursal86@email.com', 6),
(87, 'Ciudad CI', 'Av. Periférica 87', '6001087', '6002087', 'sucursal87@email.com', 7),
(88, 'Ciudad CJ', 'Calle 88', '6001088', '6002088', 'sucursal88@email.com', 8),
(89, 'Ciudad CK', 'Av. Principal 89', '6001089', '6002089', 'sucursal89@email.com', 9),
(90, 'Ciudad CL', 'Calle 90', '6001090', '6002090', 'sucursal90@email.com', 10),
(91, 'Ciudad CM', 'Av. Secundaria 91', '6001091', '6002091', 'sucursal91@email.com', 1),
(92, 'Ciudad CN', 'Calle 92', '6001092', '6002092', 'sucursal92@email.com', 2),
(93, 'Ciudad CO', 'Av. Norte 93', '6001093', '6002093', 'sucursal93@email.com', 3),
(94, 'Ciudad CP', 'Calle 94', '6001094', '6002094', 'sucursal94@email.com', 4),
(95, 'Ciudad CQ', 'Av. Central 95', '6001095', '6002095', 'sucursal95@email.com', 5),
(96, 'Ciudad CR', 'Calle 96', '6001096', '6002096', 'sucursal96@email.com', 6),
(97, 'Ciudad CS', 'Av. Periférica 97', '6001097', '6002097', 'sucursal97@email.com', 7),
(98, 'Ciudad CT', 'Calle 98', '6001098', '6002098', 'sucursal98@email.com', 8),
(99, 'Ciudad CU', 'Av. Principal 99', '6001099', '6002099', 'sucursal99@email.com', 9),
(100, 'Ciudad CV', 'Calle 100', '6001100', '6002100', 'sucursal100@email.com', 10);

-- gerente
INSERT INTO gerente (idgerente, nombre, apellido1, apellido2, ciudad, telefono, email, id_sucursal)
VALUES
(1, 'Carlos', 'Pérez', 'Gómez', 'Madrid', '912345678', 'carlos.perez@email.com', 1),
(2, 'Ana', 'López', 'Martínez', 'Barcelona', '933456789', 'ana.lopez@email.com', 2),
(3, 'Juan', 'García', 'Sánchez', 'Valencia', '962345678', 'juan.garcia@email.com', 3),
(4, 'Marta', 'Rodríguez', 'Fernández', 'Sevilla', '954567890', 'marta.rodriguez@email.com', 4),
(5, 'Luis', 'Gómez', 'Hernández', 'Zaragoza', '976789012', 'luis.gomez@email.com', 5),
(6, 'Pedro', 'Martín', 'López', 'Málaga', '951234567', 'pedro.martin@email.com', 6),
(7, 'Lucía', 'Hernández', 'Díaz', 'Murcia', '968123456', 'lucia.hernandez@email.com', 7),
(8, 'Ricardo', 'Sánchez', 'Ramírez', 'Alicante', '965432109', 'ricardo.sanchez@email.com', 8),
(9, 'Paula', 'García', 'Lozano', 'Bilbao', '944567890', 'paula.garcia@email.com', 9),
(10, 'Andrés', 'Martínez', 'Pérez', 'Granada', '958987654', 'andres.martinez@email.com', 10),
(11, 'Sara', 'Fernández', 'Gómez', 'Valladolid', '983456789', 'sara.fernandez@email.com', 1),
(12, 'Eduardo', 'López', 'Rodríguez', 'Santander', '942345678', 'eduardo.lopez@email.com', 2),
(13, 'Raquel', 'Gómez', 'Sánchez', 'Tarragona', '977654321', 'raquel.gomez@email.com', 3),
(14, 'Juan', 'Martínez', 'Rodríguez', 'Castellón', '964321432', 'juan.martinez@email.com', 4),
(15, 'Elena', 'Rodríguez', 'López', 'Pamplona', '948234567', 'elena.rodriguez@email.com', 5),
(16, 'David', 'García', 'Hernández', 'León', '987654321', 'david.garcia@email.com', 6),
(17, 'Carmen', 'Sánchez', 'Ramírez', 'Burgos', '947321654', 'carmen.sanchez@email.com', 7),
(18, 'Francisco', 'Hernández', 'Pérez', 'Lugo', '982345678', 'francisco.hernandez@email.com', 8),
(19, 'Isabel', 'Gómez', 'López', 'Logroño', '941234567', 'isabel.gomez@email.com', 9),
(20, 'Ricardo', 'Rodríguez', 'Gómez', 'Ourense', '988123456', 'ricardo.rodriguez@email.com', 10),
(21, 'Martín', 'Fernández', 'Díaz', 'Córdoba', '957123456', 'martin.fernandez@email.com', 1),
(22, 'Clara', 'Martínez', 'Hernández', 'Toledo', '925876543', 'clara.martinez@email.com', 2),
(23, 'José', 'Pérez', 'Martínez', 'Badajoz', '924654321', 'jose.perez@email.com', 3),
(24, 'Victoria', 'García', 'Sánchez', 'Huesca', '974321987', 'victoria.garcia@email.com', 4),
(25, 'María', 'López', 'Gómez', 'Jaén', '953987654', 'maria.lopez@email.com', 5),
(26, 'Javier', 'Martín', 'Rodríguez', 'Segovia', '921234567', 'javier.martin@email.com', 6),
(27, 'Patricia', 'Rodríguez', 'Pérez', 'Ciudad Real', '926543210', 'patricia.rodriguez@email.com', 7),
(28, 'Rafael', 'Gómez', 'Ramírez', 'Soria', '975432109', 'rafael.gomez@email.com', 8),
(29, 'Sonia', 'Fernández', 'López', 'Almería', '950123456', 'sonia.fernandez@email.com', 9),
(30, 'Tomás', 'Pérez', 'Martínez', 'Salamanca', '923654321', 'tomas.perez@email.com', 10),
(31, 'Marcos', 'García', 'Sánchez', 'Castilla', '931876543', 'marcos.garcia@email.com', 1),
(32, 'José', 'Rodríguez', 'Hernández', 'Cáceres', '927654321', 'jose.rodriguez@email.com', 2),
(33, 'Ana', 'Gómez', 'López', 'Cádiz', '956789012', 'ana.gomez@email.com', 3),
(34, 'Carlos', 'Martínez', 'Sánchez', 'Tenerife', '922345678', 'carlos.martinez@email.com', 4),
(35, 'Lidia', 'Pérez', 'Rodríguez', 'Córdoba', '957654321', 'lidia.perez@email.com', 5),
(36, 'Raúl', 'Sánchez', 'Hernández', 'Granada', '958765432', 'raul.sanchez@email.com', 6),
(37, 'Beatriz', 'Rodríguez', 'Martín', 'Gijón', '985643210', 'beatriz.rodriguez@email.com', 7),
(38, 'José', 'García', 'Méndez', 'Alicante', '965432109', 'jose.garcia@email.com', 8),
(39, 'Susana', 'Sánchez', 'Fernández', 'Oviedo', '984567890', 'susana.sanchez@email.com', 9),
(40, 'Ricardo', 'Gómez', 'Paredes', 'Vigo', '986543210', 'ricardo.gomez@email.com', 10),
(41, 'Alberto', 'Rodríguez', 'Martínez', 'Madrid', '912345678', 'alberto.rodriguez@email.com', 1),
(42, 'Cristina', 'González', 'Ríos', 'Valencia', '962345678', 'cristina.gonzalez@email.com', 2),
(43, 'José Luis', 'López', 'Domínguez', 'Bilbao', '944567890', 'jose.luis.lopez@email.com', 3),
(44, 'Eva', 'Martínez', 'González', 'Sevilla', '954567890', 'eva.martinez@email.com', 4),
(45, 'Manuel', 'Sánchez', 'Castaño', 'Zaragoza', '976789012', 'manuel.sanchez@email.com', 5),
(46, 'Rosa', 'Gómez', 'Sánchez', 'Málaga', '951234567', 'rosa.gomez@email.com', 6),
(47, 'Pablo', 'Sánchez', 'González', 'Murcia', '968123456', 'pablo.sanchez@email.com', 7),
(48, 'Verónica', 'Fernández', 'Martín', 'Tarragona', '977654321', 'veronica.fernandez@email.com', 8),
(49, 'Francisco', 'Martínez', 'Vega', 'Bilbao', '944567890', 'francisco.martinez@email.com', 9),
(50, 'María José', 'García', 'Rivera', 'Salamanca', '923654321', 'maria.jose.garcia@email.com', 10),
(51, 'Óscar', 'Fernández', 'Rodríguez', 'Madrid', '912345678', 'oscar.fernandez@email.com', 1),
(52, 'Antonio', 'López', 'Pérez', 'Barcelona', '933456789', 'antonio.lopez@email.com', 2),
(53, 'Luis', 'Gómez', 'Muñoz', 'Granada', '958765432', 'luis.gomez@email.com', 3),
(54, 'Carmen', 'Martínez', 'López', 'Vigo', '986543210', 'carmen.martinez@email.com', 4),
(55, 'Felipe', 'Rodríguez', 'Vázquez', 'Córdoba', '957123456', 'felipe.rodriguez@email.com', 5),
(56, 'Marina', 'Pérez', 'Ferrer', 'Madrid', '912345678', 'marina.perez@email.com', 6),
(57, 'Santiago', 'Gómez', 'Ríos', 'Zaragoza', '976789012', 'santiago.gomez@email.com', 7),
(58, 'Patricia', 'González', 'Sánchez', 'Burgos', '947321654', 'patricia.gonzalez@email.com', 8),
(59, 'Julio', 'Martínez', 'López', 'Valencia', '962345678', 'julio.martinez@email.com', 9),
(60, 'Cristina', 'García', 'Paredes', 'Málaga', '951234567', 'cristina.garcia@email.com', 10),
(61, 'Adrián', 'Rodríguez', 'Ferrer', 'Vigo', '986543210', 'adrian.rodriguez@email.com', 1),
(62, 'Victoria', 'Sánchez', 'González', 'Barcelona', '933456789', 'victoria.sanchez@email.com', 2),
(63, 'José Antonio', 'Gómez', 'Martín', 'Madrid', '912345678', 'jose.antonio.gomez@email.com', 3),
(64, 'Ana María', 'Pérez', 'López', 'Bilbao', '944567890', 'ana.maria.perez@email.com', 4),
(65, 'Álvaro', 'Rodríguez', 'Vega', 'Castellón', '964321432', 'alvaro.rodriguez@email.com', 5),
(66, 'José Manuel', 'Sánchez', 'Martínez', 'Toledo', '925876543', 'josemanuel.sanchez@email.com', 6),
(67, 'María Isabel', 'Rodríguez', 'Gómez', 'Valencia', '962345678', 'maria.isabel.rodriguez@email.com', 7),
(68, 'Antonio', 'González', 'López', 'Murcia', '968123456', 'antonio.gonzalez@email.com', 8),
(69, 'Beatriz', 'Fernández', 'Ramírez', 'Sevilla', '954567890', 'beatriz.fernandez@email.com', 9),
(70, 'Juan Carlos', 'García', 'Martínez', 'Alicante', '965432109', 'juancarlos.garcia@email.com', 10),
(71, 'María', 'Hernández', 'Gómez', 'Pamplona', '948234567', 'maria.hernandez@email.com', 1),
(72, 'Alba', 'Rodríguez', 'Sánchez', 'Zaragoza', '976789012', 'alba.rodriguez@email.com', 2),
(73, 'Antonio', 'Martín', 'Vázquez', 'Castellón', '964321432', 'antonio.martin@email.com', 3),
(74, 'Rocío', 'Fernández', 'González', 'Tarragona', '977654321', 'rocio.fernandez@email.com', 4),
(75, 'Luis', 'Sánchez', 'Rodríguez', 'Granada', '958765432', 'luis.sanchez@email.com', 5),
(76, 'Sofia', 'Gómez', 'Rodríguez', 'Sevilla', '954567890', 'sofia.gomez@email.com', 6),
(77, 'David', 'Martínez', 'López', 'Valencia', '962345678', 'david.martinez@email.com', 7),
(78, 'Carmen', 'Rodríguez', 'Martín', 'Bilbao', '944567890', 'carmen.rodriguez@email.com', 8),
(79, 'Álvaro', 'González', 'Vega', 'Madrid', '912345678', 'alvaro.gonzalez@email.com', 9),
(80, 'Elena', 'Gómez', 'Fernández', 'Zaragoza', '976789012', 'elena.gomez@email.com', 10),
(81, 'Pedro', 'Martínez', 'Vega', 'Barcelona', '933456789', 'pedro.martinez@email.com', 1),
(82, 'Antonio', 'López', 'García', 'Málaga', '951234567', 'antonio.lopez@email.com', 2),
(83, 'María', 'Rodríguez', 'González', 'Castellón', '964321432', 'maria.rodriguez@email.com', 3),
(84, 'Carlos', 'Sánchez', 'Martínez', 'Sevilla', '954567890', 'carlos.sanchez@email.com', 4),
(85, 'Cristina', 'Fernández', 'Pérez', 'Madrid', '912345678', 'cristina.fernandez@email.com', 5),
(86, 'José', 'Gómez', 'Rodríguez', 'Vigo', '986543210', 'jose.gomez@email.com', 6),
(87, 'María Teresa', 'González', 'Ramírez', 'Zaragoza', '976789012', 'mariateresa.gonzalez@email.com', 7),
(88, 'Raúl', 'Martínez', 'Fernández', 'Bilbao', '944567890', 'raul.martinez@email.com', 8),
(89, 'Ana', 'Rodríguez', 'Martín', 'Granada', '958765432', 'ana.rodriguez@email.com', 9),
(90, 'Javier', 'Gómez', 'Sánchez', 'Madrid', '912345678', 'javier.gomez@email.com', 10),
(91, 'Pedro', 'Rodríguez', 'Paredes', 'Valencia', '962345678', 'pedro.rodriguez@email.com', 1),
(92, 'Carlos', 'López', 'Martín', 'Málaga', '951234567', 'carlos.lopez@email.com', 2),
(93, 'Raúl', 'Fernández', 'Vega', 'Sevilla', '954567890', 'raul.fernandez@email.com', 3),
(94, 'Cristina', 'Martínez', 'González', 'Madrid', '912345678', 'cristina.martinez@email.com', 4),
(95, 'José', 'Gómez', 'Sánchez', 'Barcelona', '933456789', 'jose.gomez@email.com', 5),
(96, 'Marta', 'Rodríguez', 'Hernández', 'Bilbao', '944567890', 'marta.rodriguez@email.com', 6),
(97, 'Pablo', 'González', 'Vega', 'Tarragona', '977654321', 'pablo.gonzalez@email.com', 7),
(98, 'Beatriz', 'Fernández', 'Rodríguez', 'Salamanca', '923654321', 'beatriz.fernandez@email.com', 8),
(99, 'Fernando', 'Rodríguez', 'Ramírez', 'Sevilla', '954567890', 'fernando.rodriguez@email.com', 9),
(100, 'Jorge', 'Martín', 'Vega', 'Vigo', '986543210', 'jorge.martin@email.com', 10);
-- empleado

INSERT INTO empleado (idempleado, nombre, apellido1, apellido2, cedula, direccion, ciudad, celular, email, id_sucursal) VALUES
(1, 'Juan', 'Pérez', 'López', '200000001', 'Av. Principal 1', 'Ciudad A', '6001001', 'juan.perez1@email.com', 1),
(2, 'Ana', 'Gómez', 'Ruiz', '200000002', 'Av. Principal 2', 'Ciudad B', '6001002', 'ana.gomez2@email.com', 2),
(3, 'Carlos', 'Rodríguez', 'García', '200000003', 'Av. Principal 3', 'Ciudad C', '6001003', 'carlos.rodriguez3@email.com', 3),
(4, 'Lucía', 'Fernández', 'Torres', '200000004', 'Av. Principal 4', 'Ciudad D', '6001004', 'lucia.fernandez4@email.com', 4),
(5, 'Pedro', 'Martínez', 'Rivas', '200000005', 'Av. Principal 5', 'Ciudad E', '6001005', 'pedro.martinez5@email.com', 1),
(6, 'María', 'Sánchez', 'Díaz', '200000006', 'Av. Principal 6', 'Ciudad F', '6001006', 'maria.sanchez6@email.com', 2),
(7, 'José', 'Ramírez', 'Navarro', '200000007', 'Av. Principal 7', 'Ciudad G', '6001007', 'jose.ramirez7@email.com', 3),
(8, 'Laura', 'Torres', 'Mejía', '200000008', 'Av. Principal 8', 'Ciudad H', '6001008', 'laura.torres8@email.com', 4),
(9, 'David', 'Castro', 'Villalobos', '200000009', 'Av. Principal 9', 'Ciudad I', '6001009', 'david.castro9@email.com', 1),
(10, 'Andrea', 'López', 'Paredes', '200000010', 'Av. Principal 10', 'Ciudad J', '6001010', 'andrea.lopez10@email.com', 2),
(11, 'Miguel', 'Ortiz', 'Mora', '200000011', 'Av. Principal 11', 'Ciudad K', '6001011', 'miguel.ortiz11@email.com', 3),
(12, 'Sara', 'Núñez', 'Hernández', '200000012', 'Av. Principal 12', 'Ciudad L', '6001012', 'sara.nunez12@email.com', 4),
(13, 'Luis', 'Vega', 'Montes', '200000013', 'Av. Principal 13', 'Ciudad M', '6001013', 'luis.vega13@email.com', 1),
(14, 'Claudia', 'Ramos', 'Vargas', '200000014', 'Av. Principal 14', 'Ciudad N', '6001014', 'claudia.ramos14@email.com', 2),
(15, 'Sofía', 'Méndez', 'Prado', '200000015', 'Av. Principal 15', 'Ciudad O', '6001015', 'sofia.mendez15@email.com', 3),
(16, 'Tomás', 'Morales', 'Romero', '200000016', 'Av. Principal 16', 'Ciudad P', '6001016', 'tomas.morales16@email.com', 4),
(17, 'Cristina', 'Jiménez', 'Silva', '200000017', 'Av. Principal 17', 'Ciudad Q', '6001017', 'cristina.jimenez17@email.com', 1),
(18, 'Jorge', 'Ponce', 'Peña', '200000018', 'Av. Principal 18', 'Ciudad R', '6001018', 'jorge.ponce18@email.com', 2),
(19, 'Alicia', 'Rivera', 'Cordero', '200000019', 'Av. Principal 19', 'Ciudad S', '6001019', 'alicia.rivera19@email.com', 3),
(20, 'Raúl', 'Domínguez', 'Delgado', '200000020', 'Av. Principal 20', 'Ciudad T', '6001020', 'raul.dominguez20@email.com', 4),
(21, 'Carmen', 'Vargas', 'Castro', '200000021', 'Av. Principal 21', 'Ciudad U', '6001021', 'carmen.vargas21@email.com', 1),
(22, 'Luis', 'Martínez', 'Carrillo', '200000022', 'Av. Principal 22', 'Ciudad V', '6001022', 'luis.martinez22@email.com', 2),
(23, 'Isabel', 'Reyes', 'León', '200000023', 'Av. Principal 23', 'Ciudad W', '6001023', 'isabel.reyes23@email.com', 3),
(24, 'Enrique', 'Rivas', 'Morales', '200000024', 'Av. Principal 24', 'Ciudad X', '6001024', 'enrique.rivas24@email.com', 4),
(25, 'Patricia', 'González', 'Reyes', '200000025', 'Av. Principal 25', 'Ciudad Y', '6001025', 'patricia.gonzalez25@email.com', 1),
(26, 'Martín', 'Sosa', 'Vega', '200000026', 'Av. Principal 26', 'Ciudad Z', '6001026', 'martin.sosa26@email.com', 2),
(27, 'Rosario', 'Ortiz', 'López', '200000027', 'Av. Principal 27', 'Ciudad AA', '6001027', 'rosario.ortiz27@email.com', 3),
(28, 'Esteban', 'Delgado', 'Meza', '200000028', 'Av. Principal 28', 'Ciudad AB', '6001028', 'esteban.delgado28@email.com', 4),
(29, 'Paula', 'Carrillo', 'Rosas', '200000029', 'Av. Principal 29', 'Ciudad AC', '6001029', 'paula.carrillo29@email.com', 1),
(30, 'Carlos', 'Vargas', 'Ocampo', '200000030', 'Av. Principal 30', 'Ciudad AD', '6001030', 'carlos.vargas30@email.com', 2),
(31, 'Mónica', 'Silva', 'Bravo', '200000031', 'Av. Principal 31', 'Ciudad AE', '6001031', 'monica.silva31@email.com', 3),
(32, 'Fernando', 'Guerrero', 'Arias', '200000032', 'Av. Principal 32', 'Ciudad AF', '6001032', 'fernando.guerrero32@email.com', 4),
(33, 'Elena', 'Soto', 'Mora', '200000033', 'Av. Principal 33', 'Ciudad AG', '6001033', 'elena.soto33@email.com', 1),
(34, 'Ricardo', 'Vargas', 'Cano', '200000034', 'Av. Principal 34', 'Ciudad AH', '6001034', 'ricardo.vargas34@email.com', 2),
(35, 'Gabriela', 'Herrera', 'Pino', '200000035', 'Av. Principal 35', 'Ciudad AI', '6001035', 'gabriela.herrera35@email.com', 3),
(36, 'Andrés', 'Molina', 'Ríos', '200000036', 'Av. Principal 36', 'Ciudad AJ', '6001036', 'andres.molina36@email.com', 4),
(37, 'Valeria', 'Castillo', 'Marín', '200000037', 'Av. Principal 37', 'Ciudad AK', '6001037', 'valeria.castillo37@email.com', 1),
(38, 'Diego', 'Moreno', 'Salinas', '200000038', 'Av. Principal 38', 'Ciudad AL', '6001038', 'diego.moreno38@email.com', 2),
(39, 'Natalia', 'Medina', 'Santos', '200000039', 'Av. Principal 39', 'Ciudad AM', '6001039', 'natalia.medina39@email.com', 3),
(40, 'Óscar', 'Flores', 'Cruz', '200000040', 'Av. Principal 40', 'Ciudad AN', '6001040', 'oscar.flores40@email.com', 4),
(41, 'Beatriz', 'Reyes', 'Mendoza', '200000041', 'Av. Principal 41', 'Ciudad AO', '6001041', 'beatriz.reyes41@email.com', 1),
(42, 'Victor', 'González', 'Lira', '200000042', 'Av. Principal 42', 'Ciudad AP', '6001042', 'victor.gonzalez42@email.com', 2),
(43, 'Sergio', 'Ramos', 'Figueroa', '200000043', 'Av. Principal 43', 'Ciudad AQ', '6001043', 'sergio.ramos43@email.com', 3),
(44, 'Nuria', 'Méndez', 'Rivas', '200000044', 'Av. Principal 44', 'Ciudad AR', '6001044', 'nuria.mendez44@email.com', 4),
(45, 'Alberto', 'Jiménez', 'Bermúdez', '200000045', 'Av. Principal 45', 'Ciudad AS', '6001045', 'alberto.jimenez45@email.com', 1),
(46, 'Ángeles', 'Vega', 'Méndez', '200000046', 'Av. Principal 46', 'Ciudad AT', '6001046', 'angeles.vega46@email.com', 2),
(47, 'Antonio', 'Moreno', 'Delgado', '200000047', 'Av. Principal 47', 'Ciudad AU', '6001047', 'antonio.moreno47@email.com', 3),
(48, 'Cecilia', 'Vargas', 'Félix', '200000048', 'Av. Principal 48', 'Ciudad AV', '6001048', 'cecilia.vargas48@email.com', 4),
(49, 'David', 'Figueroa', 'Sánchez', '200000049', 'Av. Principal 49', 'Ciudad AW', '6001049', 'david.figueroa49@email.com', 1),
(50, 'Beatriz', 'Mora', 'León', '200000050', 'Av. Principal 50', 'Ciudad AX', '6001050', 'beatriz.mora50@email.com', 2),
(51, 'Raúl', 'Navarro', 'Escobar', '200000051', 'Av. Principal 51', 'Ciudad AY', '6001051', 'raul.navarro51@email.com', 3),
(52, 'Mariana', 'Castro', 'Arce', '200000052', 'Av. Principal 52', 'Ciudad AZ', '6001052', 'mariana.castro52@email.com', 4),
(53, 'Carlos', 'Torres', 'Santos', '200000053', 'Av. Principal 53', 'Ciudad BA', '6001053', 'carlos.torres53@email.com', 1),
(54, 'Lina', 'López', 'Rojas', '200000054', 'Av. Principal 54', 'Ciudad BB', '6001054', 'lina.lopez54@email.com', 2),
(55, 'José', 'Hernández', 'González', '200000055', 'Av. Principal 55', 'Ciudad BC', '6001055', 'jose.hernandez55@email.com', 3),
(56, 'Ángel', 'Martínez', 'López', '200000056', 'Av. Principal 56', 'Ciudad BD', '6001056', 'angel.martinez56@email.com', 4),
(57, 'Rosa', 'Rivas', 'Cruz', '200000057', 'Av. Principal 57', 'Ciudad BE', '6001057', 'rosa.rivas57@email.com', 1),
(58, 'Juan', 'Méndez', 'Morales', '200000058', 'Av. Principal 58', 'Ciudad BF', '6001058', 'juan.mendez58@email.com', 2),
(59, 'Paola', 'Vargas', 'López', '200000059', 'Av. Principal 59', 'Ciudad BG', '6001059', 'paola.vargas59@email.com', 3),
(60, 'David', 'Alvarez', 'Meza', '200000060', 'Av. Principal 60', 'Ciudad BH', '6001060', 'david.alvarez60@email.com', 4),
(61, 'Sara', 'López', 'Gutiérrez', '200000061', 'Av. Principal 61', 'Ciudad BI', '6001061', 'sara.lopez61@email.com', 1),
(62, 'Javier', 'Castro', 'Salazar', '200000062', 'Av. Principal 62', 'Ciudad BJ', '6001062', 'javier.castro62@email.com', 2),
(63, 'Teresa', 'Serrano', 'Marín', '200000063', 'Av. Principal 63', 'Ciudad BK', '6001063', 'teresa.serrano63@email.com', 3),
(64, 'Juan', 'Paredes', 'Díaz', '200000064', 'Av. Principal 64', 'Ciudad BL', '6001064', 'juan.paredes64@email.com', 4),
(65, 'Natalia', 'Pérez', 'Bravo', '200000065', 'Av. Principal 65', 'Ciudad BM', '6001065', 'natalia.perez65@email.com', 1),
(66, 'Antonio', 'López', 'Guzmán', '200000066', 'Av. Principal 66', 'Ciudad BN', '6001066', 'antonio.lopez66@email.com', 2),
(67, 'David', 'Torres', 'Martínez', '200000067', 'Av. Principal 67', 'Ciudad BO', '6001067', 'david.torres67@email.com', 3),
(68, 'Paula', 'Salazar', 'López', '200000068', 'Av. Principal 68', 'Ciudad BP', '6001068', 'paula.salazar68@email.com', 4),
(69, 'Carlos', 'Ramos', 'Paredes', '200000069', 'Av. Principal 69', 'Ciudad BQ', '6001069', 'carlos.ramos69@email.com', 1),
(70, 'Sandra', 'Figueroa', 'Bravo', '200000070', 'Av. Principal 70', 'Ciudad BR', '6001070', 'sandra.figueroa70@email.com', 2),
(71, 'Esteban', 'Mora', 'Delgado', '200000071', 'Av. Principal 71', 'Ciudad BS', '6001071', 'esteban.mora71@email.com', 3),
(72, 'Gloria', 'Vega', 'Ruíz', '200000072', 'Av. Principal 72', 'Ciudad BT', '6001072', 'gloria.vega72@email.com', 4),
(73, 'Vicente', 'Castro', 'Orozco', '200000073', 'Av. Principal 73', 'Ciudad BU', '6001073', 'vicente.castro73@email.com', 1),
(74, 'Isabel', 'González', 'Cordero', '200000074', 'Av. Principal 74', 'Ciudad BV', '6001074', 'isabel.gonzalez74@email.com', 2),
(75, 'Rosa', 'Martínez', 'Méndez', '200000075', 'Av. Principal 75', 'Ciudad BW', '6001075', 'rosa.martinez75@email.com', 3),
(76, 'Fernando', 'Salazar', 'Delgado', '200000076', 'Av. Principal 76', 'Ciudad BX', '6001076', 'fernando.salazar76@email.com', 4),
(77, 'Verónica', 'Vega', 'Martínez', '200000077', 'Av. Principal 77', 'Ciudad BY', '6001077', 'veronica.vega77@email.com', 1),
(78, 'Raúl', 'González', 'Salazar', '200000078', 'Av. Principal 78', 'Ciudad BZ', '6001078', 'raul.gonzalez78@email.com', 2),
(79, 'Mariana', 'Torres', 'Mejía', '200000079', 'Av. Principal 79', 'Ciudad CA', '6001079', 'mariana.torres79@email.com', 3),
(80, 'Pablo', 'Hernández', 'López', '200000080', 'Av. Principal 80', 'Ciudad CB', '6001080', 'pablo.hernandez80@email.com', 4),
(81, 'Lucía', 'Sánchez', 'Pérez', '200000081', 'Av. Principal 81', 'Ciudad CC', '6001081', 'lucia.sanchez81@email.com', 1),
(82, 'Miguel', 'Ruiz', 'Alvarez', '200000082', 'Av. Principal 82', 'Ciudad CD', '6001082', 'miguel.ruiz82@email.com', 2),
(83, 'Elena', 'Díaz', 'Vargas', '200000083', 'Av. Principal 83', 'Ciudad CE', '6001083', 'elena.diaz83@email.com', 3),
(84, 'Javier', 'Hernández', 'Ramírez', '200000084', 'Av. Principal 84', 'Ciudad CF', '6001084', 'javier.hernandez84@email.com', 4),
(85, 'Patricia', 'Martínez', 'Cordero', '200000085', 'Av. Principal 85', 'Ciudad CG', '6001085', 'patricia.martinez85@email.com', 1),
(86, 'José', 'Jiménez', 'Paredes', '200000086', 'Av. Principal 86', 'Ciudad CH', '6001086', 'jose.jimenez86@email.com', 2),
(87, 'Alicia', 'Vega', 'González', '200000087', 'Av. Principal 87', 'Ciudad CI', '6001087', 'alicia.vega87@email.com', 3),
(88, 'Sergio', 'Martínez', 'Sánchez', '200000088', 'Av. Principal 88', 'Ciudad CJ', '6001088', 'sergio.martinez88@email.com', 4),
(89, 'Ángel', 'Paredes', 'Ramírez', '200000089', 'Av. Principal 89', 'Ciudad CK', '6001089', 'angel.paredes89@email.com', 1),
(90, 'Claudia', 'Figueroa', 'Díaz', '200000090', 'Av. Principal 90', 'Ciudad CL', '6001090', 'claudia.figueroa90@email.com', 2),
(91, 'Jorge', 'Hernández', 'Vega', '200000091', 'Av. Principal 91', 'Ciudad CM', '6001091', 'jorge.hernandez91@email.com', 3),
(92, 'Lourdes', 'Vega', 'Martínez', '200000092', 'Av. Principal 92', 'Ciudad CN', '6001092', 'lourdes.vega92@email.com', 4),
(93, 'Fernando', 'Morales', 'Castillo', '200000093', 'Av. Principal 93', 'Ciudad CO', '6001093', 'fernando.morales93@email.com', 1),
(94, 'Esteban', 'López', 'Díaz', '200000094', 'Av. Principal 94', 'Ciudad CP', '6001094', 'esteban.lopez94@email.com', 2),
(95, 'Patricia', 'Reyes', 'López', '200000095', 'Av. Principal 95', 'Ciudad CQ', '6001095', 'patricia.reyes95@email.com', 3),
(96, 'Juliana', 'Rivas', 'Sánchez', '200000096', 'Av. Principal 96', 'Ciudad CR', '6001096', 'juliana.rivas96@email.com', 4),
(97, 'Ricardo', 'Martínez', 'Bravo', '200000097', 'Av. Principal 97', 'Ciudad CS', '6001097', 'ricardo.martinez97@email.com', 1),
(98, 'Carlos', 'Mora', 'Delgado', '200000098', 'Av. Principal 98', 'Ciudad CT', '6001098', 'carlos.mora98@email.com', 2),
(99, 'Sofía', 'Vega', 'Marín', '200000099', 'Av. Principal 99', 'Ciudad CU', '6001099', 'sofia.vega99@email.com', 3),
(100, 'Tomás', 'Castro', 'Serrano', '200000100', 'Av. Principal 100', 'Ciudad CV', '6001100', 'tomas.castro100@email.com', 4);

-- cliente

INSERT INTO cliente (idcliente, nombre, apellido1, apellido2, cedula, direccion, ciudad, celular, id_empleado) VALUES
(1, 'Juan', 'Pérez', 'Gómez', '123456789', 'Calle Falsa 123', 'Madrid', '612345678', 1),
(2, 'Ana', 'López', 'Martínez', '987654321', 'Avenida Real 456', 'Barcelona', '612987654', 2),
(3, 'Carlos', 'González', 'Sánchez', '112233445', 'Calle Mayor 789', 'Valencia', '613112233', 3),
(4, 'Laura', 'Rodríguez', 'Hernández', '556677889', 'Calle Sevilla 101', 'Sevilla', '613556677', 4),
(5, 'Pedro', 'Martín', 'Pérez', '223344556', 'Calle Alcalá 202', 'Zaragoza', '614223344', 5),
(6, 'Marta', 'García', 'Fernández', '334455667', 'Calle Gran Vía 303', 'Bilbao', '614334455', 6),
(7, 'José', 'Moreno', 'López', '445566778', 'Avenida de la Luz 404', 'Málaga', '615445566', 7),
(8, 'Sandra', 'Jiménez', 'Vázquez', '556677889', 'Calle del Sol 505', 'Murcia', '615556677', 8),
(9, 'Luis', 'Hernández', 'Díaz', '667788990', 'Calle de la Paz 606', 'Granada', '616667788', 9),
(10, 'Beatriz', 'Pérez', 'Gómez', '778899001', 'Calle del Norte 707', 'Córdoba', '616778899', 10),
(11, 'Antonio', 'Gómez', 'Romero', '889900112', 'Avenida del Río 808', 'Almería', '617889900', 11),
(12, 'Raquel', 'Torres', 'Sánchez', '990011223', 'Calle del Mar 909', 'Vigo', '617990011', 12),
(13, 'Miguel', 'Castro', 'Álvarez', '101223344', 'Calle del Oeste 101', 'Alicante', '618101223', 13),
(14, 'Elena', 'Ruiz', 'Navarro', '112334455', 'Calle del Este 202', 'Palma de Mallorca', '618112334', 14),
(15, 'David', 'Ramos', 'López', '223445566', 'Calle de la Luna 303', 'Tenerife', '619223445', 15),
(16, 'Carmen', 'Mendoza', 'González', '334556677', 'Calle del Sol 404', 'Las Palmas', '619334556', 16),
(17, 'Javier', 'Jiménez', 'Márquez', '445667788', 'Avenida de la Estrella 505', 'Salamanca', '620445667', 17),
(18, 'Patricia', 'Álvarez', 'Ruiz', '556778899', 'Calle de la Rosa 606', 'Burgos', '620556778', 18),
(19, 'Alberto', 'González', 'Castillo', '667889900', 'Avenida del Sur 707', 'León', '621667889', 19),
(20, 'Mónica', 'Sánchez', 'Pérez', '778990112', 'Calle de la Montaña 808', 'Toledo', '621778990', 20),
(21, 'Víctor', 'Morales', 'López', '889101223', 'Calle de la Costa 909', 'Gijón', '622889101', 21),
(22, 'Sofía', 'Martínez', 'Vega', '990212334', 'Calle del Valle 1010', 'Oviedo', '622990212', 22),
(23, 'Raúl', 'Fernández', 'Torres', '101323445', 'Avenida del Campo 1111', 'Badajoz', '623101323', 23),
(24, 'Julia', 'Ramírez', 'Díaz', '112434556', 'Calle del Río 1212', 'Huelva', '623112434', 24),
(25, 'Fernando', 'Ruiz', 'Morales', '223545667', 'Calle del Bosque 1313', 'Cádiz', '624223545', 25),
(26, 'Olga', 'García', 'Gómez', '334656778', 'Calle del Lago 1414', 'Castellón', '624334656', 26),
(27, 'Iván', 'Torres', 'Serrano', '445767889', 'Avenida de la Luna 1515', 'Cáceres', '625445767', 27),
(28, 'Raquel', 'Molina', 'Martín', '556878990', 'Calle del Mar 1616', 'Cuenca', '625556878', 28),
(29, 'Carlos', 'Gutiérrez', 'Vázquez', '667989001', 'Calle del Campo 1717', 'Segovia', '626667989', 29),
(30, 'Pablo', 'Díaz', 'González', '778090112', 'Avenida de la Paz 1818', 'Soria', '626778090', 30),
(31, 'Luis', 'Serrano', 'Sánchez', '889101223', 'Calle de la Luna 1919', 'Jaén', '627889101', 31),
(32, 'Ana', 'Vega', 'Rodríguez', '990212334', 'Calle de la Nieve 2020', 'Lugo', '627990212', 32),
(33, 'Mario', 'Ruiz', 'Moreno', '101323445', 'Calle del Sol 2121', 'Albacete', '628101323', 33),
(34, 'Cecilia', 'Martínez', 'Rodríguez', '112434556', 'Avenida del Sol 2222', 'Gandía', '628112434', 34),
(35, 'Jorge', 'Álvarez', 'Mendoza', '223545667', 'Calle de la Estrella 2323', 'Pontevedra', '629223545', 35),
(36, 'Lucía', 'Jiménez', 'González', '334656778', 'Calle del Mar 2424', 'Huesca', '629334656', 36),
(37, 'Samuel', 'Castro', 'Serrano', '445767889', 'Avenida de la Paz 2525', 'Burgos', '630445767', 37),
(38, 'Sofía', 'Díaz', 'Vega', '556878990', 'Calle del Bosque 2626', 'Ávila', '630556878', 38),
(39, 'Gabriel', 'Torres', 'Molina', '667989001', 'Calle de la Luna 2727', 'Alcalá de Henares', '631667989', 39),
(40, 'María', 'Sánchez', 'Serrano', '778090112', 'Avenida del Río 2828', 'Rivas-Vaciamadrid', '631778090', 40),
(41, 'Carlos', 'González', 'Ruiz', '889101223', 'Calle del Sol 2929', 'Mataró', '632889101', 41),
(42, 'Teresa', 'Molina', 'Moreno', '990212334', 'Calle de la Estrella 3030', 'Valladolid', '632990212', 42),
(43, 'Martín', 'Ramírez', 'Álvarez', '101323445', 'Avenida del Campo 3131', 'Alcalá la Real', '633101323', 43),
(44, 'Valeria', 'Serrano', 'Torres', '112434556', 'Calle de la Costa 3232', 'León', '633112434', 44),
(45, 'Diego', 'Rodríguez', 'González', '223545667', 'Calle del Mar 3333', 'Benidorm', '634223545', 45),
(46, 'Valeria', 'Torres', 'Vázquez', '334656778', 'Avenida del Sol 3434', 'Zaragoza', '634334656', 46),
(47, 'Natalia', 'Jiménez', 'López', '445767889', 'Calle de la Luna 3535', 'Gijón', '635445767', 47),
(48, 'Felipe', 'González', 'Mendoza', '556878990', 'Calle del Sol 3636', 'Marbella', '635556878', 48),
(49, 'Clara', 'Álvarez', 'Moreno', '667989001', 'Avenida del Río 3737', 'Badajoz', '636667989', 49),
(50, 'Francisco', 'Sánchez', 'Díaz', '778090112', 'Calle de la Paz 3838', 'Sevilla', '636778090', 50),
(51, 'Cristina', 'Martínez', 'Vega', '889101223', 'Avenida del Sol 3939', 'Huelva', '637889101', 51),
(52, 'Antonio', 'Moreno', 'González', '990212334', 'Calle del Mar 4040', 'Cádiz', '637990212', 52),
(53, 'Margarita', 'Serrano', 'Torres', '101323445', 'Avenida de la Estrella 4141', 'Albacete', '638101323', 53),
(54, 'Raúl', 'Gutiérrez', 'Molina', '112434556', 'Calle de la Luna 4242', 'Logroño', '638112434', 54),
(55, 'Pilar', 'González', 'Ramírez', '223545667', 'Avenida del Campo 4343', 'Soria', '639223545', 55),
(56, 'Iván', 'Álvarez', 'Gómez', '334656778', 'Calle del Río 4444', 'Lugo', '639334656', 56),
(57, 'Isabel', 'Martín', 'López', '445767889', 'Calle de la Paz 4545', 'Burgos', '640445767', 57),
(58, 'José', 'Molina', 'Díaz', '556878990', 'Avenida del Sol 4646', 'Oviedo', '640556878', 58),
(59, 'Raquel', 'Torres', 'González', '667989001', 'Calle de la Costa 4747', 'Cáceres', '641667989', 59),
(60, 'Manuel', 'González', 'Romero', '778090112', 'Avenida de la Luna 4848', 'Almería', '641778090', 60),
(61, 'Andrea', 'Martínez', 'Serrano', '889101223', 'Calle del Valle 4949', 'Segovia', '642889101', 61),
(62, 'David', 'Gutiérrez', 'Castro', '990212334', 'Calle del Río 5050', 'Alcalá de Henares', '642990212', 62),
(63, 'Teresa', 'Álvarez', 'López', '101323445', 'Avenida del Sol 5151', 'Granada', '643101323', 63),
(64, 'José', 'Torres', 'Sánchez', '112434556', 'Calle de la Paz 5252', 'Tarragona', '643112434', 64),
(65, 'Rosa', 'Rodríguez', 'Moreno', '223545667', 'Calle de la Costa 5353', 'Palma', '644223545', 65),
(66, 'Fernando', 'Molina', 'González', '334656778', 'Avenida de la Estrella 5454', 'León', '644334656', 66),
(67, 'Eva', 'Torres', 'López', '445767889', 'Calle de la Luna 5555', 'Badajoz', '645445767', 67),
(68, 'Carlos', 'Ramírez', 'Gómez', '556878990', 'Calle del Mar 5656', 'Santander', '645556878', 68),
(69, 'Sofía', 'Vega', 'Álvarez', '667989001', 'Avenida del Sol 5757', 'Albacete', '646667989', 69),
(70, 'Javier', 'Rodríguez', 'Mendoza', '778090112', 'Calle del Río 5858', 'Segovia', '646778090', 70),
(71, 'Juan', 'Ramírez', 'Vega', '889101223', 'Avenida de la Luna 5959', 'Vigo', '647889101', 71),
(72, 'Pedro', 'Sánchez', 'Morales', '990212334', 'Calle de la Estrella 6060', 'Córdoba', '647990212', 72),
(73, 'María', 'Torres', 'González', '101323445', 'Calle del Río 6161', 'Zaragoza', '648101323', 73),
(74, 'Antonio', 'Pérez', 'Vega', '112434556', 'Avenida del Sol 6262', 'Madrid', '648112434', 74),
(75, 'Joaquín', 'Gutiérrez', 'Romero', '223545667', 'Calle de la Costa 6363', 'Barcelona', '649223545', 75),
(76, 'Pilar', 'Sánchez', 'González', '334656778', 'Avenida de la Luna 6464', 'Bilbao', '649334656', 76),
(77, 'Lucía', 'González', 'Romero', '445767889', 'Calle del Mar 6565', 'Sevilla', '650445767', 77),
(78, 'David', 'Ramírez', 'Pérez', '556878990', 'Avenida del Río 6666', 'Granada', '650556878', 78),
(79, 'Cristina', 'Torres', 'Díaz', '667989001', 'Calle de la Luna 6767', 'Vigo', '651667989', 79),
(80, 'José', 'Pérez', 'Rodríguez', '778090112', 'Calle de la Costa 6868', 'Toledo', '651778090', 80),
(81, 'Ana', 'Sánchez', 'Torres', '889101223', 'Calle de la Paz 6969', 'Madrid', '652889101', 81),
(82, 'Martín', 'Mendoza', 'Gómez', '990212334', 'Avenida de la Estrella 7070', 'Valencia', '652990212', 82),
(83, 'Javier', 'González', 'Vega', '101323445', 'Calle del Sol 7171', 'Córdoba', '653101323', 83),
(84, 'Alba', 'Rodríguez', 'Torres', '112434556', 'Avenida del Mar 7272', 'Barcelona', '653112434', 84),
(85, 'Manuel', 'Gutiérrez', 'Romero', '223545667', 'Calle de la Luna 7373', 'Zaragoza', '654223545', 85),
(86, 'David', 'Torres', 'González', '334656778', 'Avenida del Sol 7474', 'Bilbao', '654334656', 86),
(87, 'Sofía', 'Sánchez', 'López', '445767889', 'Calle de la Paz 7575', 'Sevilla', '655445767', 87),
(88, 'Juan', 'Martínez', 'Díaz', '556878990', 'Calle del Mar 7676', 'Granada', '655556878', 88),
(89, 'Carlos', 'Molina', 'Sánchez', '667989001', 'Avenida de la Luna 7777', 'Badajoz', '656667989', 89),
(90, 'Pedro', 'Serrano', 'Torres', '778090112', 'Calle de la Estrella 7878', 'Gijón', '656778090', 90),
(91, 'Elena', 'Torres', 'Vega', '889101223', 'Calle del Sol 7979', 'Oviedo', '657889101', 91),
(92, 'Margarita', 'Vega', 'Díaz', '990212334', 'Avenida de la Luna 8080', 'León', '657990212', 92),
(93, 'Carlos', 'Pérez', 'Torres', '101323445', 'Calle de la Costa 8181', 'Cáceres', '658101323', 93),
(94, 'Sofía', 'González', 'Martínez', '112434556', 'Calle del Sol 8282', 'Toledo', '658112434', 94),
(95, 'Marta', 'Torres', 'Sánchez', '223545667', 'Avenida del Mar 8383', 'Segovia', '659223545', 95),
(96, 'Juan', 'Ramírez', 'Vega', '334656778', 'Calle de la Luna 8484', 'Huesca', '659334656', 96),
(97, 'Manuel', 'Pérez', 'Rodríguez', '445767889', 'Calle del Valle 8585', 'Valladolid', '660445767', 97),
(98, 'Cristina', 'Molina', 'Serrano', '556878990', 'Calle de la Paz 8686', 'Tarragona', '660556878', 98),
(99, 'Fernando', 'Vega', 'Torres', '667989001', 'Avenida del Sol 8787', 'Córdoba', '661667989', 99),
(100, 'Raquel', 'Sánchez', 'Ramírez', '778090112', 'Calle de la Luna 8888', 'Granada', '661778090', 100);


-- inventario

INSERT INTO inventario (idinventario, cantidad, fecha_llegada, fecha_salida)
VALUES
(1, 10, '2024-01-15', '2024-02-15'),
(2, 15, '2024-02-01', '2024-03-01'),
(3, 20, '2024-03-10', '2024-04-10'),
(4, 25, '2024-04-05', '2024-05-05'),
(5, 30, '2024-05-20', '2024-06-20'),
(6, 12, '2024-06-12', '2024-07-12'),
(7, 18, '2024-07-01', '2024-08-01'),
(8, 22, '2024-08-10', '2024-09-10'),
(9, 14, '2024-09-15', '2024-10-15'),
(10, 28, '2024-10-05', '2024-11-05'),
(11, 16, '2024-11-01', '2024-12-01'),
(12, 19, '2024-12-12', '2025-01-12'),
(13, 21, '2025-01-01', '2025-02-01'),
(14, 27, '2025-02-10', '2025-03-10'),
(15, 24, '2025-03-15', '2025-04-15'),
(16, 17, '2025-04-05', '2025-05-05'),
(17, 13, '2025-05-20', '2025-06-20'),
(18, 29, '2025-06-10', '2025-07-10'),
(19, 23, '2025-07-01', '2025-08-01'),
(20, 26, '2025-08-15', '2025-09-15'),
(21, 31, '2025-09-10', '2025-10-10'),
(22, 11, '2025-10-05', '2025-11-05'),
(23, 12, '2025-11-01', '2025-12-01'),
(24, 15, '2025-12-01', '2026-01-01'),
(25, 18, '2026-01-10', '2026-02-10'),
(26, 20, '2026-02-01', '2026-03-01'),
(27, 28, '2026-03-15', '2026-04-15'),
(28, 22, '2026-04-05', '2026-05-05'),
(29, 19, '2026-05-12', '2026-06-12'),
(30, 17, '2026-06-01', '2026-07-01'),
(31, 14, '2026-07-01', '2026-08-01'),
(32, 23, '2026-08-10', '2026-09-10'),
(33, 26, '2026-09-05', '2026-10-05'),
(34, 30, '2026-10-15', '2026-11-15'),
(35, 21, '2026-11-01', '2026-12-01'),
(36, 29, '2026-12-15', '2027-01-15'),
(37, 24, '2027-01-05', '2027-02-05'),
(38, 17, '2027-02-01', '2027-03-01'),
(39, 19, '2027-03-15', '2027-04-15'),
(40, 13, '2027-04-10', '2027-05-10'),
(41, 16, '2027-05-01', '2027-06-01'),
(42, 18, '2027-06-20', '2027-07-20'),
(43, 27, '2027-07-15', '2027-08-15'),
(44, 25, '2027-08-01', '2027-09-01'),
(45, 12, '2027-09-10', '2027-10-10'),
(46, 20, '2027-10-15', '2027-11-15'),
(47, 22, '2027-11-01', '2027-12-01'),
(48, 13, '2027-12-10', '2028-01-10'),
(49, 14, '2028-01-05', '2028-02-05'),
(50, 19, '2028-02-10', '2028-03-10'),
(51, 18, '2028-03-05', '2028-04-05'),
(52, 17, '2028-04-20', '2028-05-20'),
(53, 16, '2028-05-15', '2028-06-15'),
(54, 25, '2028-06-01', '2028-07-01'),
(55, 13, '2028-07-15', '2028-08-15'),
(56, 12, '2028-08-05', '2028-09-05'),
(57, 21, '2028-09-10', '2028-10-10'),
(58, 29, '2028-10-15', '2028-11-15'),
(59, 22, '2028-11-01', '2028-12-01'),
(60, 14, '2028-12-10', '2029-01-10'),
(61, 23, '2029-01-05', '2029-02-05'),
(62, 18, '2029-02-01', '2029-03-01'),
(63, 19, '2029-03-15', '2029-04-15'),
(64, 24, '2029-04-05', '2029-05-05'),
(65, 20, '2029-05-10', '2029-06-10'),
(66, 16, '2029-06-01', '2029-07-01'),
(67, 15, '2029-07-01', '2029-08-01'),
(68, 18, '2029-08-10', '2029-09-10'),
(69, 22, '2029-09-05', '2029-10-05'),
(70, 20, '2029-10-15', '2029-11-15'),
(71, 28, '2029-11-01', '2029-12-01'),
(72, 23, '2029-12-15', '2030-01-15'),
(73, 19, '2030-01-10', '2030-02-10'),
(74, 13, '2030-02-01', '2030-03-01'),
(75, 12, '2030-03-15', '2030-04-15'),
(76, 17, '2030-04-05', '2030-05-05'),
(77, 19, '2030-05-10', '2030-06-10'),
(78, 24, '2030-06-01', '2030-07-01'),
(79, 18, '2030-07-01', '2030-08-01'),
(80, 13, '2030-08-15', '2030-09-15'),
(81, 15, '2030-09-10', '2030-10-10'),
(82, 20, '2030-10-05', '2030-11-05'),
(83, 19, '2030-11-15', '2030-12-15'),
(84, 23, '2030-12-01', '2031-01-01'),
(85, 14, '2031-01-10', '2031-02-10'),
(86, 18, '2031-02-01', '2031-03-01'),
(87, 17, '2031-03-05', '2031-04-05'),
(88, 22, '2031-04-15', '2031-05-15'),
(89, 21, '2031-05-01', '2031-06-01'),
(90, 24, '2031-06-10', '2031-07-10'),
(91, 13, '2031-07-01', '2031-08-01'),
(92, 29, '2031-08-15', '2031-09-15'),
(93, 19, '2031-09-01', '2031-10-01'),
(94, 25, '2031-10-05', '2031-11-05'),
(95, 12, '2031-11-01', '2031-12-01'),
(96, 14, '2031-12-15', '2032-01-15'),
(97, 28, '2032-01-10', '2032-02-10'),
(98, 16, '2032-02-01', '2032-03-01'),
(99, 18, '2032-03-15', '2032-04-15'),
(100, 20, '2032-04-05', '2032-05-05');

-- vehiculos

INSERT INTO vehiculos (idvehiculos, tipo, placa, referencia, modelos, puerta, capacidad, sunroof, motor, id_inventario, id_sucursal)
VALUES
(1, 'SUV', 'ABC1234', 'RAV4', 'Toyota', '4', '5', 'Sí', 'V6', 1, 1),
(2, 'Sedán', 'XYZ5678', 'Civic', 'Honda', '4', '5', 'No', 'V4', 2, 2),
(3, 'Pick-up', 'JKL9012', 'Hilux', 'Toyota', '2', '2', 'No', 'V8', 3, 3),
(4, 'Deportivo', 'MNO3456', 'Mustang', 'Ford', '2', '4', 'Sí', 'V8', 4, 4),
(5, 'SUV', 'DEF7890', 'X5', 'BMW', '4', '5', 'Sí', 'V6', 5, 5),
(6, 'Camioneta', 'PQR5678', 'Ranger', 'Ford', '2', '2', 'No', 'V6', 6, 6),
(7, 'Sedán', 'LMN1234', 'Corolla', 'Toyota', '4', '5', 'No', 'V4', 7, 7),
(8, 'SUV', 'ABC2345', 'Q5', 'Audi', '4', '5', 'Sí', 'V6', 8, 8),
(9, 'Pick-up', 'RST6789', 'F-150', 'Ford', '2', '2', 'No', 'V8', 9, 9),
(10, 'Deportivo', 'JKL1234', '911', 'Porsche', '2', '2', 'Sí', 'V6', 10, 10),
(11, 'SUV', 'CBA5678', 'Grand Cherokee', 'Jeep', '4', '5', 'Sí', 'V8', 11, 1),
(12, 'Sedán', 'XYZ8901', 'Accord', 'Honda', '4', '5', 'No', 'V4', 12, 2),
(13, 'Camioneta', 'UVW1234', 'Tacoma', 'Toyota', '2', '2', 'No', 'V6', 13, 3),
(14, 'Deportivo', 'DEF6789', 'Challenger', 'Dodge', '2', '4', 'Sí', 'V8', 14, 4),
(15, 'SUV', 'GHI2345', 'Durango', 'Dodge', '4', '7', 'Sí', 'V6', 15, 5),
(16, 'Pick-up', 'JKL3456', 'Silverado', 'Chevrolet', '2', '2', 'No', 'V8', 16, 6),
(17, 'Sedán', 'LMN2345', 'Sonata', 'Hyundai', '4', '5', 'No', 'V4', 17, 7),
(18, 'SUV', 'NOP5678', 'Kuga', 'Ford', '4', '5', 'Sí', 'V6', 18, 8),
(19, 'Pick-up', 'PQR2345', 'RAM 1500', 'RAM', '2', '2', 'No', 'V8', 19, 9),
(20, 'Deportivo', 'STU6789', 'GT-R', 'Nissan', '2', '2', 'Sí', 'V6', 20, 10),
(21, 'SUV', 'QWE1234', 'Explorer', 'Ford', '4', '5', 'Sí', 'V6', 21, 1),
(22, 'Sedán', 'XYZ6789', 'Fusion', 'Ford', '4', '5', 'No', 'V4', 22, 2),
(23, 'Pick-up', 'RST2345', 'Ram 2500', 'RAM', '2', '2', 'No', 'V8', 23, 3),
(24, 'Deportivo', 'MNO7890', 'Aston Martin V8', 'Aston Martin', '2', '2', 'Sí', 'V8', 24, 4),
(25, 'SUV', 'JKL4567', 'Kia Sorento', 'Kia', '4', '5', 'Sí', 'V6', 25, 5),
(26, 'Pick-up', 'DEF2345', 'Colorado', 'Chevrolet', '2', '2', 'No', 'V6', 26, 6),
(27, 'SUV', 'RST5678', 'Pilot', 'Honda', '4', '7', 'Sí', 'V6', 27, 7),
(28, 'Sedán', 'LMN8901', 'Elantra', 'Hyundai', '4', '5', 'No', 'V4', 28, 8),
(29, 'SUV', 'PQR6789', 'Highlander', 'Toyota', '4', '5', 'Sí', 'V6', 29, 9),
(30, 'Pick-up', 'XYZ2345', 'Ranger', 'Ford', '2', '2', 'No', 'V8', 30, 10),
(31, 'Deportivo', 'ABC8901', 'Z4', 'BMW', '2', '2', 'Sí', 'V6', 31, 1),
(32, 'SUV', 'JKL1234', 'XC90', 'Volvo', '4', '5', 'Sí', 'V6', 32, 2),
(33, 'Pick-up', 'STU4567', 'Tundra', 'Toyota', '2', '2', 'No', 'V8', 33, 3),
(34, 'Deportivo', 'QWE6789', 'Civic Type R', 'Honda', '2', '4', 'Sí', 'V4', 34, 4),
(35, 'SUV', 'DEF3456', 'Outlander', 'Mitsubishi', '4', '5', 'Sí', 'V6', 35, 5),
(36, 'Pick-up', 'PQR7890', 'F-250', 'Ford', '2', '2', 'No', 'V8', 36, 6),
(37, 'Deportivo', 'RST1234', 'Supra', 'Toyota', '2', '2', 'Sí', 'V6', 37, 7),
(38, 'SUV', 'LMN5678', 'Cherokee', 'Jeep', '4', '5', 'Sí', 'V6', 38, 8),
(39, 'Pick-up', 'DEF1234', 'D-MAX', 'Isuzu', '2', '2', 'No', 'V6', 39, 9),
(40, 'Deportivo', 'QWE2345', 'Camaro', 'Chevrolet', '2', '2', 'Sí', 'V8', 40, 10),
(41, 'SUV', 'XYZ1234', 'Rogue', 'Nissan', '4', '5', 'Sí', 'V6', 41, 1),
(42, 'Sedán', 'ABC5678', 'Accord', 'Honda', '4', '5', 'No', 'V4', 42, 2),
(43, 'Pick-up', 'RST6789', 'Atlas', 'Volkswagen', '2', '2', 'No', 'V8', 43, 3),
(44, 'SUV', 'JKL8901', 'Eclipse Cross', 'Mitsubishi', '4', '5', 'Sí', 'V6', 44, 4),
(45, 'Pick-up', 'LMN1234', 'F-350', 'Ford', '2', '2', 'No', 'V8', 45, 5),
(46, 'Deportivo', 'QWE3456', 'Charger', 'Dodge', '2', '2', 'Sí', 'V8', 46, 6),
(47, 'SUV', 'PQR1234', 'Enclave', 'Buick', '4', '5', 'Sí', 'V6', 47, 7),
(48, 'Pick-up', 'DEF8901', 'Sierra', 'GMC', '2', '2', 'No', 'V8', 48, 8),
(49, 'Deportivo', 'STU2345', 'Civic Si', 'Honda', '2', '4', 'Sí', 'V4', 49, 9),
(50, 'SUV', 'XYZ3456', 'Journey', 'Dodge', '4', '7', 'Sí', 'V6', 50, 10),
(51, 'Sedán', 'JKL2345', 'Mazda 6', 'Mazda', '4', '5', 'No', 'V4', 51, 1),
(52, 'SUV', 'LMN6789', 'Qashqai', 'Nissan', '4', '5', 'Sí', 'V6', 52, 2),
(53, 'Pick-up', 'ABC2345', 'Ranger', 'Ford', '2', '2', 'No', 'V6', 53, 3),
(54, 'Deportivo', 'RST1234', 'GT', 'Ford', '2', '2', 'Sí', 'V8', 54, 4),
(55, 'SUV', 'DEF5678', 'Explorer', 'Ford', '4', '5', 'Sí', 'V6', 55, 5),
(56, 'Pick-up', 'PQR2345', '1500', 'RAM', '2', '2', 'No', 'V8', 56, 6),
(57, 'Deportivo', 'STU6789', 'S2000', 'Honda', '2', '2', 'Sí', 'V6', 57, 7),
(58, 'SUV', 'QWE1234', 'Outlander Sport', 'Mitsubishi', '4', '5', 'Sí', 'V6', 58, 8),
(59, 'Pick-up', 'XYZ6789', 'Ranger', 'Ford', '2', '2', 'No', 'V6', 59, 9),
(60, 'Deportivo', 'DEF3456', 'A4', 'Audi', '2', '2', 'Sí', 'V6', 60, 10),
(61, 'SUV', 'PQR5678', 'Sante Fe', 'Hyundai', '4', '5', 'Sí', 'V6', 61, 1),
(62, 'Sedán', 'ABC8901', 'Camry', 'Toyota', '4', '5', 'No', 'V4', 62, 2),
(63, 'Pick-up', 'RST1234', 'Ram 1500', 'RAM', '2', '2', 'No', 'V8', 63, 3),
(64, 'Deportivo', 'MNO6789', 'M3', 'BMW', '2', '2', 'Sí', 'V6', 64, 4),
(65, 'SUV', 'JKL8901', 'Xterra', 'Nissan', '4', '5', 'Sí', 'V6', 65, 5),
(66, 'Pick-up', 'DEF2345', 'F-250', 'Ford', '2', '2', 'No', 'V8', 66, 6),
(67, 'SUV', 'PQR6789', 'Patriot', 'Jeep', '4', '5', 'Sí', 'V6', 67, 7),
(68, 'Pick-up', 'RST2345', 'Hilux', 'Toyota', '2', '2', 'No', 'V6', 68, 8),
(69, 'Deportivo', 'MNO1234', 'A7', 'Audi', '2', '2', 'Sí', 'V6', 69, 9),
(70, 'SUV', 'XYZ3456', 'Kona', 'Hyundai', '4', '5', 'Sí', 'V6', 70, 10),
(71, 'Pick-up', 'DEF5678', 'Silverado', 'Chevrolet', '2', '2', 'No', 'V8', 71, 1),
(72, 'SUV', 'LMN7890', 'Venza', 'Toyota', '4', '5', 'Sí', 'V6', 72, 2),
(73, 'Pick-up', 'PQR8901', 'Tacoma', 'Toyota', '2', '2', 'No', 'V6', 73, 3),
(74, 'Deportivo', 'RST5678', 'Challenger', 'Dodge', '2', '2', 'Sí', 'V8', 74, 4),
(75, 'SUV', 'XYZ6789', 'Kuga', 'Ford', '4', '5', 'Sí', 'V6', 75, 5),
(76, 'Pick-up', 'JKL1234', 'Titan', 'Nissan', '2', '2', 'No', 'V8', 76, 6),
(77, 'SUV', 'LMN3456', 'RAV4', 'Toyota', '4', '5', 'Sí', 'V6', 77, 7),
(78, 'Deportivo', 'DEF6789', 'Civic Type R', 'Honda', '2', '2', 'Sí', 'V4', 78, 8),
(79, 'SUV', 'PQR1234', 'Escalade', 'Cadillac', '4', '5', 'Sí', 'V8', 79, 9),
(80, 'Pick-up', 'ABC5678', 'F-350', 'Ford', '2', '2', 'No', 'V8', 80, 10),
(81, 'SUV', 'XYZ8901', 'Tahoe', 'Chevrolet', '4', '5', 'Sí', 'V6', 81, 1),
(82, 'Pick-up', 'RST2345', 'Tundra', 'Toyota', '2', '2', 'No', 'V8', 82, 2),
(83, 'SUV', 'MNO3456', 'Maverick', 'Ford', '4', '5', 'Sí', 'V6', 83, 3),
(84, 'Pick-up', 'DEF8901', 'F-250', 'Ford', '2', '2', 'No', 'V8', 84, 4),
(85, 'Deportivo', 'STU1234', 'Mustang', 'Ford', '2', '2', 'Sí', 'V8', 85, 5),
(86, 'SUV', 'JKL5678', 'E-Tron', 'Audi', '4', '5', 'Sí', 'V6', 86, 6),
(87, 'Pick-up', 'RST8901', 'Colorado', 'Chevrolet', '2', '2', 'No', 'V8', 87, 7),
(88, 'Deportivo', 'LMN1234', 'Charger', 'Dodge', '2', '2', 'Sí', 'V8', 88, 8),
(89, 'SUV', 'DEF5678', 'Trailblazer', 'Chevrolet', '4', '5', 'Sí', 'V6', 89, 9),
(90, 'Pick-up', 'PQR6789', 'Ranger', 'Ford', '2', '2', 'No', 'V6', 90, 10),
(91, 'SUV', 'JKL3456', 'Gladiator', 'Jeep', '4', '5', 'Sí', 'V6', 91, 1),
(92, 'Deportivo', 'ABC5678', 'Nissan GT-R', 'Nissan', '2', '2', 'Sí', 'V6', 92, 2),
(93, 'Pick-up', 'RST1234', 'Titan', 'Nissan', '2', '2', 'No', 'V8', 93, 3),
(94, 'SUV', 'LMN6789', 'Cherokee', 'Jeep', '4', '5', 'Sí', 'V6', 94, 4),
(95, 'Deportivo', 'PQR3456', '370Z', 'Nissan', '2', '2', 'Sí', 'V6', 95, 5),
(96, 'Pick-up', 'XYZ2345', 'GMC Canyon', 'GMC', '2', '2', 'No', 'V8', 96, 6),
(97, 'SUV', 'DEF1234', 'Wrangler', 'Jeep', '4', '5', 'Sí', 'V6', 97, 7),
(98, 'Pick-up', 'PQR6789', 'Canyon', 'GMC', '2', '2', 'No', 'V8', 98, 8),
(99, 'SUV', 'LMN2345', 'Bronco', 'Ford', '4', '5', 'Sí', 'V6', 99, 9),
(100, 'Deportivo', 'RST1234', 'Viper', 'Dodge', '2', '2', 'Sí', 'V8', 100, 10);




-- alquiler

INSERT INTO alquiler (idalquiler, fecha_acordada, fecha_salida, fecha_llegada,valor_semanal, valor_dia, descuento, valor_cotizado, valor_pagado, id_cliente, id_vehiculos) VALUES
(1, '2024-01-05', '2024-01-01', '2024-01-05', 700, 100, 50, 650, 702, 1, 1),
(2, '2024-01-10', '2024-01-05', '2024-01-10', 700, 100, 0, 700, 756, 2, 2),
(3, '2024-01-15', '2024-01-10', '2024-01-15', 700, 100, 75, 625, 625, 3, 3),
(4, '2024-01-20', '2024-01-15', '2024-01-20', 700, 100, 25, 675, 729, 4, 4),
(5, '2024-01-25', '2024-01-20', '2024-01-25', 700, 100, 50, 650, 650, 5, 5),
(6, '2024-01-30', '2024-01-25', '2024-01-30', 700, 100, 50, 650, 702, 6, 1),
(7, '2024-02-04', '2024-01-30', '2024-02-03', 700, 100, 100, 600, 600, 7, 2),
(8, '2024-02-09', '2024-02-02', '2024-02-09', 700, 100, 0, 700, 756, 8, 3),
(9, '2024-02-14', '2024-02-07', '2024-02-14', 700, 100, 75, 625, 625, 9, 4),
(10, '2024-02-19', '2024-02-12', '2024-02-21', 700, 100, 25, 675, 729, 10, 5),
(11, '2024-02-24', '2024-02-17', '2024-02-24', 700, 100, 50, 650, 650, 11, 1),
(12, '2024-02-29', '2024-02-22', '2024-02-29', 700, 100, 50, 650, 702, 12, 2),
(13, '2024-03-05', '2024-02-28', '2024-03-05', 700, 100, 100, 600, 600, 13, 3),
(14, '2024-03-10', '2024-03-03', '2024-03-10', 700, 100, 0, 700, 756, 14, 4),
(15, '2024-03-15', '2024-03-08', '2024-03-15', 700, 100, 75, 625, 625, 15, 5),
(16, '2024-03-20', '2024-03-13', '2024-03-20', 700, 100, 25, 675, 729, 16, 1),
(17, '2024-03-25', '2024-03-18', '2024-03-25', 700, 100, 50, 650, 650, 17, 2),
(18, '2024-03-30', '2024-03-23', '2024-03-30', 700, 100, 50, 650, 702, 18, 3),
(19, '2024-04-04', '2024-03-28', '2024-04-04', 700, 100, 100, 600, 600, 19, 4),
(20, '2024-04-09', '2024-04-02', '2024-04-09', 700, 100, 0, 700, 756, 20, 5),
(21, '2024-04-14', '2024-04-07', '2024-04-14', 700, 100, 75, 625, 625, 21, 1),
(22, '2024-04-19', '2024-04-12', '2024-04-19', 700, 100, 25, 675, 729, 22, 2),
(23, '2024-04-24', '2024-04-17', '2024-04-24', 700, 100, 50, 650, 650, 23, 3),
(24, '2024-04-29', '2024-04-22', '2024-04-29', 700, 100, 50, 650, 702, 24, 4),
(25, '2024-05-04', '2024-04-27', '2024-05-04', 700, 100, 100, 600, 600, 25, 5),
(26, '2024-05-09', '2024-05-02', '2024-05-09', 700, 100, 0, 700, 756, 26, 1),
(27, '2024-05-14', '2024-05-07', '2024-05-14', 700, 100, 75, 625, 625, 27, 2),
(28, '2024-05-19', '2024-05-12', '2024-05-19', 700, 100, 25, 675, 729, 28, 3),
(29, '2024-05-24', '2024-05-17', '2024-05-24', 700, 100, 50, 650, 650, 29, 4),
(30, '2024-05-29', '2024-05-22', '2024-05-29', 700, 100, 50, 650, 702, 30, 5),
(31, '2024-06-03', '2024-05-26', '2024-06-03', 700, 100, 100, 600, 600, 31, 1),
(32, '2024-06-08', '2024-06-01', '2024-06-08', 700, 100, 0, 700, 756, 32, 2),
(33, '2024-06-13', '2024-06-06', '2024-06-13', 700, 100, 75, 625, 625, 33, 3),
(34, '2024-06-18', '2024-06-11', '2024-06-18', 700, 100, 25, 675, 729, 34, 4),
(35, '2024-06-23', '2024-06-16', '2024-06-23', 700, 100, 50, 650, 650, 35, 5),
(36, '2024-06-28', '2024-06-21', '2024-06-28', 700, 100, 50, 650, 702, 36, 1),
(37, '2024-07-03', '2024-06-26', '2024-07-03', 700, 100, 100, 600, 600, 37, 2),
(38, '2024-07-08', '2024-07-01', '2024-07-08', 700, 100, 0, 700, 756, 38, 3),
(39, '2024-07-13', '2024-07-06', '2024-07-13', 700, 100, 75, 625, 625, 39, 4),
(40, '2024-07-18', '2024-07-11', '2024-07-18', 700, 100, 25, 675, 729, 40, 5),
(41, '2024-07-23', '2024-07-16', '2024-07-23', 700, 100, 50, 650, 650, 41, 1),
(42, '2024-07-28', '2024-07-21', '2024-07-28', 700, 100, 50, 650, 702, 42, 2),
(43, '2024-08-02', '2024-07-26', '2024-08-02', 700, 100, 100, 600, 600, 43, 3),
(44, '2024-08-07', '2024-07-30', '2024-08-07', 700, 100, 0, 700, 756, 44, 4),
(45, '2024-08-12', '2024-08-05', '2024-08-12', 700, 100, 75, 625, 625, 45, 5),
(46, '2024-08-17', '2024-08-10', '2024-08-17', 700, 100, 25, 675, 729, 46, 1),
(47, '2024-08-22', '2024-08-15', '2024-08-22', 700, 100, 50, 650, 650, 47, 2),
(48, '2024-08-27', '2024-08-20', '2024-08-27', 700, 100, 50, 650, 702, 48, 3),
(49, '2024-09-01', '2024-08-25', '2024-09-01', 700, 100, 100, 600, 600, 49, 4),
(50, '2024-09-06', '2024-08-29', '2024-09-06', 700, 100, 0, 700, 756, 50, 5),
(51, '2024-09-11', '2024-09-03', '2024-09-11', 700, 100, 75, 625, 625, 51, 1),
(52, '2024-09-16', '2024-09-09', '2024-09-16', 700, 100, 25, 675, 729, 52, 2),
(53, '2024-09-21', '2024-09-14', '2024-09-21', 700, 100, 50, 650, 650, 53, 3),
(54, '2024-09-26', '2024-09-19', '2024-09-26', 700, 100, 50, 650, 702, 54, 4),
(55, '2024-10-01', '2024-09-24', '2024-10-01', 700, 100, 100, 600, 600, 55, 5),
(56, '2024-10-06', '2024-09-29', '2024-10-06', 700, 100, 0, 700, 756, 56, 1),
(57, '2024-10-11', '2024-10-04', '2024-10-11', 700, 100, 75, 625, 625, 57, 2),
(58, '2024-10-16', '2024-10-09', '2024-10-16', 700, 100, 25, 675, 729, 58, 3),
(59, '2024-10-21', '2024-10-14', '2024-10-21', 700, 100, 50, 650, 650, 59, 4),
(60, '2024-10-26', '2024-10-19', '2024-10-26', 700, 100, 50, 650, 702, 60, 5),
(61, '2024-10-31', '2024-10-24', '2024-10-31', 700, 100, 100, 600, 600, 61, 1),
(62, '2024-11-05', '2024-10-28', '2024-11-05', 700, 100, 0, 700, 756, 62, 2),
(63, '2024-11-10', '2024-11-03', '2024-11-10', 700, 100, 75, 625, 625, 63, 3),
(64, '2024-11-15', '2024-11-08', '2024-11-15', 700, 100, 25, 675, 729, 64, 4),
(65, '2024-11-20', '2024-11-13', '2024-11-20', 700, 100, 50, 650, 650, 65, 5),
(66, '2024-11-25', '2024-11-18', '2024-11-25', 700, 100, 50, 650, 702, 66, 1),
(67, '2024-11-30', '2024-11-23', '2024-11-30', 700, 100, 100, 600, 600, 67, 2),
(68, '2024-12-05', '2024-11-28', '2024-12-05', 700, 100, 0, 700, 756, 68, 3),
(69, '2024-12-10', '2024-12-03', '2024-12-10', 700, 100, 75, 625, 625, 69, 4),
(70, '2024-12-15', '2024-12-08', '2024-12-15', 700, 100, 25, 675, 729, 70, 5),
(71, '2024-12-20', '2024-12-13', '2024-12-20', 700, 100, 50, 650, 650, 71, 1),
(72, '2024-12-25', '2024-12-18', '2024-12-25', 700, 100, 50, 650, 702, 72, 2),
(73, '2024-12-30', '2024-12-23', '2024-12-30', 700, 100, 100, 600, 600, 73, 3),
(74, '2025-01-04', '2024-12-27', '2025-01-04', 700, 100, 0, 700, 756, 74, 4),
(75, '2025-01-09', '2025-01-02', '2025-01-09', 700, 100, 75, 625, 625, 75, 5),
(76, '2025-01-14', '2025-01-07', '2025-01-14', 700, 100, 25, 675, 729, 76, 1),
(77, '2025-01-19', '2025-01-12', '2025-01-19', 700, 100, 50, 650, 650, 77, 2),
(78, '2025-01-24', '2025-01-17', '2025-01-24', 700, 100, 50, 650, 702, 78, 3),
(79, '2025-01-29', '2025-01-22', '2025-01-29', 700, 100, 100, 600, 600, 79, 4),
(80, '2025-02-03', '2025-01-26', '2025-02-03', 700, 100, 0, 700, 756, 80, 5),
(81, '2025-02-08', '2025-02-01', '2025-02-08', 700, 100, 75, 625, 625, 81, 1),
(82, '2025-02-13', '2025-02-06', '2025-02-13', 700, 100, 25, 675, 729, 82, 2),
(83, '2025-02-18', '2025-02-11', '2025-02-18', 700, 100, 50, 650, 650, 83, 3),
(84, '2025-02-23', '2025-02-16', '2025-02-23', 700, 100, 50, 650, 702, 84, 4),
(85, '2025-02-28', '2025-02-19', '2025-02-28', 700, 100, 100, 600, 600, 85, 5),
(86, '2025-03-05', '2025-02-26', '2025-03-05', 700, 100, 0, 700, 756, 86, 1),
(87, '2025-03-10', '2025-03-03', '2025-03-10', 700, 100, 75, 625, 625, 87, 2),
(88, '2025-03-15', '2025-03-08', '2025-03-15', 700, 100, 25, 675, 729, 88, 3),
(89, '2025-03-20', '2025-03-13', '2025-03-20', 700, 100, 50, 650, 650, 89, 4),
(90, '2025-03-25', '2025-03-18', '2025-03-25', 700, 100, 50, 650, 702, 90, 5),
(91, '2025-03-30', '2025-03-23', '2025-03-30', 700, 100, 100, 600, 600, 91, 1),
(92, '2025-04-04', '2025-03-27', '2025-04-04', 700, 100, 0, 700, 756, 92, 2),
(93, '2025-04-09', '2025-04-02', '2025-04-09', 700, 100, 75, 625, 625, 93, 3),
(94, '2025-04-14', '2025-04-07', '2025-04-14', 700, 100, 25, 675, 729, 94, 4),
(95, '2025-04-19', '2025-04-12', '2025-04-19', 700, 100, 50, 650, 650, 95, 5),
(96, '2025-04-24', '2025-04-17', '2025-04-24', 700, 100, 50, 650, 702, 96, 1),
(97, '2025-04-29', '2025-04-22', '2025-04-29', 700, 100, 100, 600, 600, 97, 2),
(98, '2025-05-04', '2025-04-25', '2025-05-04', 700, 100, 0, 700, 756, 98, 3),
(99, '2025-05-09', '2025-05-02', '2025-05-09', 700, 100, 75, 625, 625, 99, 4),
(100, '2025-05-14', '2025-05-07', '2025-05-14', 700, 100, 25, 675, 729, 100, 5)





